id,first_name,last_name,username,email,time
1,Beryle,Tunstall,btunstall0,btunstall0@ow.ly,2:19 AM
2,Trisha,Labusch,tlabusch1,tlabusch1@telegraph.co.uk,3:16 AM
3,Garrott,Mangeney,gmangeney2,gmangeney2@google.nl,12:42 AM
4,Eada,Guttridge,eguttridge3,eguttridge3@jugem.jp,2:53 AM
5,Milty,Minchi,mminchi4,mminchi4@sbwire.com,2:31 PM
6,Viviana,Paling,vpaling5,vpaling5@tumblr.com,11:51 PM
7,Laverna,Wederell,lwederell6,lwederell6@imageshack.us,6:19 PM
8,Ricardo,Cutriss,rcutriss7,rcutriss7@cam.ac.uk,2:53 PM
9,Judah,MacConnulty,jmacconnulty8,jmacconnulty8@opera.com,6:02 PM
10,Skell,Charlewood,scharlewood9,scharlewood9@vk.com,7:10 PM
11,Leyla,Cargill,lcargilla,lcargilla@princeton.edu,11:16 AM
12,Corrina,Petchey,cpetcheyb,cpetcheyb@printfriendly.com,1:38 AM
13,Ade,Markwelley,amarkwelleyc,amarkwelleyc@printfriendly.com,3:56 AM
14,Diego,Martello,dmartellod,dmartellod@usda.gov,10:27 PM
15,Willi,Ferro,wferroe,wferroe@dailymail.co.uk,3:56 PM
16,Lisha,Mewett,lmewettf,lmewettf@cargocollective.com,5:16 PM
17,Spenser,Fudger,sfudgerg,sfudgerg@wired.com,8:32 PM
18,Jessey,Tarquinio,jtarquinioh,jtarquinioh@dailymail.co.uk,8:56 PM
19,Rubi,Brandham,rbrandhami,rbrandhami@printfriendly.com,3:01 AM
20,Sara-ann,Arnason,sarnasonj,sarnasonj@bluehost.com,1:15 AM
21,Jarrad,Finnigan,jfinnigank,jfinnigank@blogger.com,2:05 PM
22,Kathe,Wonham,kwonhaml,kwonhaml@skype.com,9:41 PM
23,Berkie,Franz,bfranzm,bfranzm@sbwire.com,6:17 AM
24,Johan,Argent,jargentn,jargentn@oakley.com,6:16 PM
25,Caty,Lackeye,clackeyeo,clackeyeo@delicious.com,5:28 AM
26,Isabella,Urling,iurlingp,iurlingp@dyndns.org,1:10 AM
27,Gerik,Curtois,gcurtoisq,gcurtoisq@mac.com,9:18 AM
28,Rayna,Playden,rplaydenr,rplaydenr@army.mil,5:05 PM
29,Lynnette,Gascoigne,lgascoignes,lgascoignes@deviantart.com,1:00 PM
30,Rozelle,Mein,rmeint,rmeint@msn.com,7:18 AM
31,Cass,Belfitt,cbelfittu,cbelfittu@elpais.com,7:08 AM
32,Gerianne,Ramel,gramelv,gramelv@harvard.edu,3:26 PM
33,Marinna,Bourrel,mbourrelw,mbourrelw@skyrock.com,7:36 AM
34,Diahann,Hixson,dhixsonx,dhixsonx@shinystat.com,6:31 PM
35,Raff,McNair,rmcnairy,rmcnairy@nyu.edu,8:01 PM
36,Giovanni,Berthomieu,gberthomieuz,gberthomieuz@un.org,5:28 AM
37,Glynn,Tumelty,gtumelty10,gtumelty10@foxnews.com,6:30 PM
38,Mildrid,Bielfeldt,mbielfeldt11,mbielfeldt11@acquirethisname.com,7:41 PM
39,Noami,Billes,nbilles12,nbilles12@marketwatch.com,5:04 PM
40,Ermin,Tregust,etregust13,etregust13@studiopress.com,10:30 PM
41,Nikolai,Jewell,njewell14,njewell14@gizmodo.com,3:54 PM
42,Federica,Downse,fdownse15,fdownse15@shop-pro.jp,9:39 PM
43,Shaylyn,Masser,smasser16,smasser16@nbcnews.com,11:14 AM
44,Curr,Smitheman,csmitheman17,csmitheman17@ox.ac.uk,10:13 AM
45,Maggee,Yanyshev,myanyshev18,myanyshev18@studiopress.com,2:31 AM
46,Vite,Abramchik,vabramchik19,vabramchik19@fc2.com,9:06 AM
47,Ethelbert,Jacobovitz,ejacobovitz1a,ejacobovitz1a@mayoclinic.com,6:07 AM
48,Kaspar,Fumagalli,kfumagalli1b,kfumagalli1b@prnewswire.com,5:49 PM
49,Adam,Concklin,aconcklin1c,aconcklin1c@sphinn.com,3:50 AM
50,Dirk,Lethcoe,dlethcoe1d,dlethcoe1d@ftc.gov,8:16 AM
51,Genni,Matuschek,gmatuschek1e,gmatuschek1e@berkeley.edu,9:44 PM
52,Corri,Arton,carton1f,carton1f@ted.com,7:28 AM
53,Renado,Biggs,rbiggs1g,rbiggs1g@hatena.ne.jp,8:53 PM
54,Marven,Cassley,mcassley1h,mcassley1h@themeforest.net,10:40 AM
55,Brewer,Oldis,boldis1i,boldis1i@huffingtonpost.com,7:40 AM
56,Beverlie,Agerskow,bagerskow1j,bagerskow1j@photobucket.com,12:59 PM
57,Jacquie,Moens,jmoens1k,jmoens1k@slashdot.org,12:24 AM
58,Nelle,Yushachkov,nyushachkov1l,nyushachkov1l@ifeng.com,3:58 PM
59,Patsy,Brophy,pbrophy1m,pbrophy1m@jalbum.net,2:23 AM
60,Clemence,Teas,cteas1n,cteas1n@gizmodo.com,7:19 PM
61,Candice,Diego,cdiego1o,cdiego1o@furl.net,3:48 AM
62,Dunc,Slocum,dslocum1p,dslocum1p@java.com,4:52 AM
63,Susette,Rubinfajn,srubinfajn1q,srubinfajn1q@slideshare.net,5:16 PM
64,Wilfred,Corkan,wcorkan1r,wcorkan1r@ustream.tv,2:08 AM
65,Gaston,Czajka,gczajka1s,gczajka1s@cisco.com,8:25 AM
66,Fletcher,Crasford,fcrasford1t,fcrasford1t@go.com,11:21 AM
67,Mariette,Northage,mnorthage1u,mnorthage1u@dedecms.com,2:22 PM
68,Cissiee,Cowling,ccowling1v,ccowling1v@princeton.edu,8:38 PM
69,Kev,Bodill,kbodill1w,kbodill1w@techcrunch.com,11:06 PM
70,Teddy,Buddleigh,tbuddleigh1x,tbuddleigh1x@washingtonpost.com,11:39 AM
71,Maurizia,Willingham,mwillingham1y,mwillingham1y@skype.com,4:21 AM
72,Vassily,McCurlye,vmccurlye1z,vmccurlye1z@dropbox.com,5:25 PM
73,Staffard,Hullins,shullins20,shullins20@shutterfly.com,6:03 PM
74,Zitella,Bewshire,zbewshire21,zbewshire21@istockphoto.com,9:32 AM
75,Petronilla,Keatley,pkeatley22,pkeatley22@tripod.com,3:16 AM
76,Lazarus,Instock,linstock23,linstock23@google.it,4:45 PM
77,Shep,Vigars,svigars24,svigars24@meetup.com,10:01 PM
78,Zsazsa,Moloney,zmoloney25,zmoloney25@who.int,1:05 PM
79,Kain,Pate,kpate26,kpate26@hexun.com,4:00 PM
80,Meagan,Kilgrove,mkilgrove27,mkilgrove27@stanford.edu,10:41 AM
81,Risa,Ridoutt,rridoutt28,rridoutt28@bbb.org,9:35 PM
82,Hayley,Hause,hhause29,hhause29@trellian.com,7:08 PM
83,Prisca,Josefsohn,pjosefsohn2a,pjosefsohn2a@mashable.com,7:10 PM
84,Issy,Cecil,icecil2b,icecil2b@tmall.com,8:15 PM
85,Abrahan,Lapides,alapides2c,alapides2c@yellowpages.com,2:19 PM
86,Kali,Robbeke,krobbeke2d,krobbeke2d@youtube.com,3:50 AM
87,Haven,McFadin,hmcfadin2e,hmcfadin2e@qq.com,10:28 AM
88,Charis,Snailham,csnailham2f,csnailham2f@baidu.com,6:06 AM
89,Dorian,Selwyn,dselwyn2g,dselwyn2g@bloomberg.com,10:07 AM
90,Winnie,Readshaw,wreadshaw2h,wreadshaw2h@amazon.de,10:44 AM
91,Renee,Sher,rsher2i,rsher2i@spotify.com,2:09 AM
92,Abigail,Pethrick,apethrick2j,apethrick2j@ustream.tv,8:10 AM
93,Jany,Goddard,jgoddard2k,jgoddard2k@fc2.com,7:05 AM
94,Kareem,Cosser,kcosser2l,kcosser2l@china.com.cn,2:58 AM
95,Rowena,Mathew,rmathew2m,rmathew2m@cnbc.com,11:34 AM
96,Cyndi,Vice,cvice2n,cvice2n@uol.com.br,10:38 PM
97,Ranique,Ranken,rranken2o,rranken2o@nasa.gov,7:45 PM
98,Eve,Crimpe,ecrimpe2p,ecrimpe2p@weibo.com,12:44 AM
99,Ingemar,Stitle,istitle2q,istitle2q@usa.gov,7:00 PM
100,Clerc,Jorissen,cjorissen2r,cjorissen2r@prnewswire.com,11:26 AM
101,Chilton,Gurnett,cgurnett2s,cgurnett2s@buzzfeed.com,5:36 AM
102,Neely,Macquire,nmacquire2t,nmacquire2t@mapy.cz,5:46 AM
103,Homerus,Kevern,hkevern2u,hkevern2u@cbc.ca,10:10 AM
104,Riva,Wyd,rwyd2v,rwyd2v@hp.com,8:29 PM
105,Bebe,Mallon,bmallon2w,bmallon2w@etsy.com,11:57 AM
106,Wes,Gapper,wgapper2x,wgapper2x@nbcnews.com,3:46 AM
107,Townsend,Brauninger,tbrauninger2y,tbrauninger2y@techcrunch.com,6:54 AM
108,Nate,Glossop,nglossop2z,nglossop2z@marriott.com,5:54 PM
109,Maiga,Jaume,mjaume30,mjaume30@is.gd,6:02 AM
110,Lorene,Sheber,lsheber31,lsheber31@4shared.com,11:13 AM
111,Ann,Meadowcraft,ameadowcraft32,ameadowcraft32@nyu.edu,10:21 PM
112,Carolyne,Dellar,cdellar33,cdellar33@netvibes.com,9:23 AM
113,Coletta,Scarsbrick,cscarsbrick34,cscarsbrick34@eventbrite.com,2:16 PM
114,Odie,Grief,ogrief35,ogrief35@amazon.de,8:53 AM
115,Tanhya,Silwood,tsilwood36,tsilwood36@miitbeian.gov.cn,6:06 PM
116,Petrina,Corrett,pcorrett37,pcorrett37@ustream.tv,12:46 PM
117,Regan,Whitecross,rwhitecross38,rwhitecross38@deviantart.com,12:05 PM
118,Randy,Chasteney,rchasteney39,rchasteney39@yahoo.com,9:35 PM
119,Shauna,Donaho,sdonaho3a,sdonaho3a@wordpress.org,1:13 AM
120,Clemence,Vayne,cvayne3b,cvayne3b@hao123.com,12:06 AM
121,Alf,Cockshtt,acockshtt3c,acockshtt3c@mit.edu,6:56 PM
122,Yelena,Jakubovics,yjakubovics3d,yjakubovics3d@bandcamp.com,1:16 PM
123,Clio,Keasey,ckeasey3e,ckeasey3e@altervista.org,9:07 AM
124,Simonette,Sauvan,ssauvan3f,ssauvan3f@flavors.me,12:50 AM
125,Abran,Tolliday,atolliday3g,atolliday3g@qq.com,2:24 PM
126,Richard,Yellep,ryellep3h,ryellep3h@go.com,11:51 PM
127,Travis,Labbett,tlabbett3i,tlabbett3i@guardian.co.uk,4:18 PM
128,Sutton,Matissoff,smatissoff3j,smatissoff3j@hostgator.com,5:32 AM
129,Sophronia,Waldram,swaldram3k,swaldram3k@tripod.com,9:03 AM
130,Romy,Lortz,rlortz3l,rlortz3l@gravatar.com,10:20 AM
131,Gerardo,Iacomi,giacomi3m,giacomi3m@answers.com,12:48 AM
132,Meredithe,Caskey,mcaskey3n,mcaskey3n@webmd.com,6:31 AM
133,Garvin,Richie,grichie3o,grichie3o@nifty.com,6:13 PM
134,Cissiee,Weavers,cweavers3p,cweavers3p@shinystat.com,3:02 PM
135,Tab,Heiton,theiton3q,theiton3q@trellian.com,5:43 PM
136,Deena,Jeaffreson,djeaffreson3r,djeaffreson3r@patch.com,5:00 PM
137,Chaunce,Elsmore,celsmore3s,celsmore3s@goo.ne.jp,10:35 PM
138,Kale,Brandacci,kbrandacci3t,kbrandacci3t@github.com,11:25 AM
139,Payton,Dean,pdean3u,pdean3u@macromedia.com,7:45 AM
140,Lorenza,Belliss,lbelliss3v,lbelliss3v@naver.com,1:46 AM
141,Addi,Kennagh,akennagh3w,akennagh3w@nytimes.com,10:42 PM
142,Catha,Heikkinen,cheikkinen3x,cheikkinen3x@cargocollective.com,12:29 PM
143,Arlen,Dumbar,adumbar3y,adumbar3y@omniture.com,7:12 AM
144,Gilly,Boog,gboog3z,gboog3z@seattletimes.com,2:36 PM
145,Evered,Cicchillo,ecicchillo40,ecicchillo40@hostgator.com,2:05 AM
146,Herschel,Buske,hbuske41,hbuske41@vistaprint.com,7:36 PM
147,Salvatore,Sugge,ssugge42,ssugge42@1688.com,3:45 PM
148,Yvonne,Whale,ywhale43,ywhale43@clickbank.net,6:13 AM
149,Clint,Jantel,cjantel44,cjantel44@g.co,3:27 PM
150,Sophia,Breacher,sbreacher45,sbreacher45@dagondesign.com,8:53 AM
151,Hirsch,Musson,hmusson46,hmusson46@hud.gov,6:45 PM
152,Trudi,Davidovics,tdavidovics47,tdavidovics47@naver.com,11:45 AM
153,Lilla,Lowen,llowen48,llowen48@loc.gov,11:53 PM
154,Heida,Nano,hnano49,hnano49@cdbaby.com,6:43 PM
155,Ellsworth,Keetch,ekeetch4a,ekeetch4a@slideshare.net,12:01 AM
156,Skippy,Pelfer,spelfer4b,spelfer4b@buzzfeed.com,2:02 PM
157,Godfree,Melville,gmelville4c,gmelville4c@oakley.com,6:32 AM
158,Wendy,Swindells,wswindells4d,wswindells4d@netvibes.com,1:05 PM
159,Sky,Simoncelli,ssimoncelli4e,ssimoncelli4e@ft.com,9:34 PM
160,Twila,Mallinar,tmallinar4f,tmallinar4f@a8.net,8:39 PM
161,Seka,Rosenfelder,srosenfelder4g,srosenfelder4g@gmpg.org,11:51 PM
162,Gran,Bertrand,gbertrand4h,gbertrand4h@cmu.edu,2:25 AM
163,Gerrie,Scannell,gscannell4i,gscannell4i@loc.gov,8:46 PM
164,Benn,Coathup,bcoathup4j,bcoathup4j@admin.ch,10:09 PM
165,David,Zoppie,dzoppie4k,dzoppie4k@examiner.com,5:39 AM
166,Kathlin,Bullene,kbullene4l,kbullene4l@discuz.net,3:17 AM
167,Christopher,Ruddock,cruddock4m,cruddock4m@feedburner.com,4:59 AM
168,Murial,Cory,mcory4n,mcory4n@flickr.com,11:01 AM
169,Gunar,Kobelt,gkobelt4o,gkobelt4o@so-net.ne.jp,3:11 AM
170,Conrade,Pamphilon,cpamphilon4p,cpamphilon4p@goodreads.com,12:37 PM
171,Addia,Craighill,acraighill4q,acraighill4q@studiopress.com,6:05 PM
172,Warden,Koppel,wkoppel4r,wkoppel4r@bravesites.com,6:19 AM
173,Stefania,Rhys,srhys4s,srhys4s@google.co.jp,8:13 AM
174,Towny,Dauncey,tdauncey4t,tdauncey4t@comcast.net,2:01 PM
175,Tildi,Bawden,tbawden4u,tbawden4u@goo.gl,11:37 AM
176,Shelden,Firman,sfirman4v,sfirman4v@simplemachines.org,12:06 PM
177,Hestia,Cossum,hcossum4w,hcossum4w@yandex.ru,11:11 PM
178,Orsa,Thain,othain4x,othain4x@fc2.com,11:06 PM
179,Thacher,Senton,tsenton4y,tsenton4y@nasa.gov,12:50 PM
180,Gayla,Winfield,gwinfield4z,gwinfield4z@cisco.com,1:34 AM
181,Minnie,Warland,mwarland50,mwarland50@nifty.com,5:29 AM
182,Broderic,Ainley,bainley51,bainley51@ustream.tv,12:41 AM
183,Rozamond,Nairy,rnairy52,rnairy52@tripod.com,8:34 PM
184,Iorgos,Pester,ipester53,ipester53@w3.org,9:54 AM
185,Bartolemo,Bulward,bbulward54,bbulward54@ibm.com,8:02 AM
186,Rozina,Mattosoff,rmattosoff55,rmattosoff55@blogspot.com,10:45 PM
187,Fredrick,Pole,fpole56,fpole56@hao123.com,12:17 PM
188,Ileana,Oldridge,ioldridge57,ioldridge57@gmpg.org,10:55 PM
189,Armstrong,Sweating,asweating58,asweating58@artisteer.com,10:33 AM
190,Dorie,Szepe,dszepe59,dszepe59@reuters.com,2:50 PM
191,Gabriell,Funnell,gfunnell5a,gfunnell5a@opera.com,11:21 AM
192,Angelo,Bavister,abavister5b,abavister5b@theglobeandmail.com,2:45 PM
193,Nina,Gelly,ngelly5c,ngelly5c@de.vu,3:02 AM
194,Veronica,Castana,vcastana5d,vcastana5d@tamu.edu,9:30 PM
195,Hubie,Saxon,hsaxon5e,hsaxon5e@behance.net,5:02 PM
196,Klement,Searight,ksearight5f,ksearight5f@usda.gov,11:45 PM
197,Breena,McFaell,bmcfaell5g,bmcfaell5g@auda.org.au,6:18 AM
198,Mordecai,Agott,magott5h,magott5h@smh.com.au,6:17 PM
199,Virgina,Boggon,vboggon5i,vboggon5i@google.nl,2:00 PM
200,Chrisse,De Bruyne,cdebruyne5j,cdebruyne5j@istockphoto.com,8:28 AM
201,Babara,Glynn,bglynn5k,bglynn5k@ebay.com,2:13 PM
202,Robinet,Keyzor,rkeyzor5l,rkeyzor5l@slashdot.org,8:13 AM
203,Angelique,Hartwell,ahartwell5m,ahartwell5m@ucsd.edu,10:07 AM
204,Adeline,Tuplin,atuplin5n,atuplin5n@desdev.cn,5:07 PM
205,Rinaldo,Gregine,rgregine5o,rgregine5o@sciencedirect.com,8:12 AM
206,Allard,Klass,aklass5p,aklass5p@artisteer.com,12:37 PM
207,Petronille,Catley,pcatley5q,pcatley5q@mediafire.com,3:38 AM
208,Brunhilda,Rubinovitsch,brubinovitsch5r,brubinovitsch5r@github.io,5:15 AM
209,Giffer,Shewen,gshewen5s,gshewen5s@uol.com.br,8:41 AM
210,Andy,Crighton,acrighton5t,acrighton5t@scientificamerican.com,8:24 AM
211,Rowe,Kumaar,rkumaar5u,rkumaar5u@geocities.com,11:47 AM
212,Caressa,Petkov,cpetkov5v,cpetkov5v@lulu.com,10:17 AM
213,Harlene,Lamble,hlamble5w,hlamble5w@wikia.com,6:46 PM
214,Nathanial,Pappin,npappin5x,npappin5x@comcast.net,7:36 AM
215,Benton,Eich,beich5y,beich5y@indiatimes.com,5:21 PM
216,Gordie,Hugh,ghugh5z,ghugh5z@histats.com,7:17 AM
217,Mariya,Philimore,mphilimore60,mphilimore60@pen.io,3:49 PM
218,Hadria,Kroll,hkroll61,hkroll61@netscape.com,9:45 AM
219,Marylee,Rivalant,mrivalant62,mrivalant62@psu.edu,7:02 AM
220,Vidovik,Ciepluch,vciepluch63,vciepluch63@census.gov,5:48 PM
221,Thelma,Epsly,tepsly64,tepsly64@gnu.org,2:43 PM
222,Kendall,Sulley,ksulley65,ksulley65@wufoo.com,12:55 PM
223,Denice,Andover,dandover66,dandover66@studiopress.com,8:13 AM
224,Sigfrid,Tiery,stiery67,stiery67@hatena.ne.jp,6:45 PM
225,Gretna,Cawcutt,gcawcutt68,gcawcutt68@csmonitor.com,10:35 PM
226,Ibby,Dobsons,idobsons69,idobsons69@youtu.be,9:27 AM
227,Simon,Brass,sbrass6a,sbrass6a@walmart.com,6:15 AM
228,Serene,Yanne,syanne6b,syanne6b@acquirethisname.com,11:07 AM
229,Kristine,Flaws,kflaws6c,kflaws6c@geocities.jp,2:53 AM
230,Dagmar,Duiguid,dduiguid6d,dduiguid6d@sina.com.cn,3:02 PM
231,Eustace,Insley,einsley6e,einsley6e@geocities.com,10:31 PM
232,Rhianon,Capponeer,rcapponeer6f,rcapponeer6f@diigo.com,5:32 AM
233,Rafferty,Nolot,rnolot6g,rnolot6g@nydailynews.com,8:01 AM
234,Saundra,Lanegran,slanegran6h,slanegran6h@google.com.br,1:19 PM
235,Frederica,McCarlie,fmccarlie6i,fmccarlie6i@cafepress.com,9:57 AM
236,Darice,Gruszczak,dgruszczak6j,dgruszczak6j@slashdot.org,4:29 AM
237,Omero,Costall,ocostall6k,ocostall6k@sbwire.com,4:24 PM
238,Garland,Stuchberry,gstuchberry6l,gstuchberry6l@youtube.com,8:45 AM
239,Janeva,Daniels,jdaniels6m,jdaniels6m@arizona.edu,7:08 AM
240,Marcela,Eddy,meddy6n,meddy6n@cornell.edu,1:11 PM
241,Hodge,Colman,hcolman6o,hcolman6o@example.com,6:16 PM
242,Savina,Richten,srichten6p,srichten6p@wikipedia.org,11:19 PM
243,Lora,Lishman,llishman6q,llishman6q@patch.com,10:06 PM
244,Obadiah,Mackinder,omackinder6r,omackinder6r@163.com,7:33 PM
245,Alexandro,McDowell,amcdowell6s,amcdowell6s@purevolume.com,2:45 AM
246,Neila,Faers,nfaers6t,nfaers6t@php.net,12:10 AM
247,Morgan,Byre,mbyre6u,mbyre6u@reddit.com,4:05 AM
248,Melinda,Jedrzejewicz,mjedrzejewicz6v,mjedrzejewicz6v@cbc.ca,7:55 PM
249,Joe,Fugere,jfugere6w,jfugere6w@springer.com,12:27 PM
250,Ced,Bodman,cbodman6x,cbodman6x@disqus.com,12:40 PM
251,Vere,Iorio,viorio6y,viorio6y@hibu.com,12:41 AM
252,Lewes,Caudelier,lcaudelier6z,lcaudelier6z@mail.ru,10:11 AM
253,Francisca,Serridge,fserridge70,fserridge70@ca.gov,3:49 PM
254,Gabriela,Ruby,gruby71,gruby71@army.mil,8:26 PM
255,Devon,MacFayden,dmacfayden72,dmacfayden72@imageshack.us,3:44 PM
256,Morse,Tilliard,mtilliard73,mtilliard73@histats.com,3:06 PM
257,Bary,Moncrefe,bmoncrefe74,bmoncrefe74@stanford.edu,7:33 PM
258,Calypso,Jeves,cjeves75,cjeves75@clickbank.net,11:00 AM
259,Theo,Gauntley,tgauntley76,tgauntley76@php.net,2:18 AM
260,Cristabel,Satteford,csatteford77,csatteford77@gizmodo.com,8:49 AM
261,Duane,Evelyn,develyn78,develyn78@flickr.com,10:24 PM
262,Levin,Stoves,lstoves79,lstoves79@wikia.com,10:24 PM
263,Carina,Twaits,ctwaits7a,ctwaits7a@chronoengine.com,12:02 PM
264,Joellen,McPhee,jmcphee7b,jmcphee7b@google.pl,9:50 AM
265,Glynn,Jesson,gjesson7c,gjesson7c@dmoz.org,7:46 AM
266,Renate,Pruvost,rpruvost7d,rpruvost7d@msn.com,6:35 AM
267,Cyndi,Glusby,cglusby7e,cglusby7e@netvibes.com,7:21 PM
268,Smith,Risebarer,srisebarer7f,srisebarer7f@creativecommons.org,2:01 PM
269,Prent,Baser,pbaser7g,pbaser7g@gravatar.com,8:50 AM
270,Caprice,Fass,cfass7h,cfass7h@woothemes.com,2:28 AM
271,Husein,Cockarill,hcockarill7i,hcockarill7i@un.org,12:40 AM
272,Phaidra,Franz,pfranz7j,pfranz7j@diigo.com,10:59 PM
273,Farrell,Gerlts,fgerlts7k,fgerlts7k@army.mil,4:59 AM
274,Leigh,Giacomuzzi,lgiacomuzzi7l,lgiacomuzzi7l@jigsy.com,2:27 PM
275,Cordey,Lightbowne,clightbowne7m,clightbowne7m@redcross.org,8:37 AM
276,Jacob,Ezele,jezele7n,jezele7n@php.net,8:03 AM
277,Barb,Giorgeschi,bgiorgeschi7o,bgiorgeschi7o@webmd.com,1:58 AM
278,Padraic,Roback,proback7p,proback7p@wikimedia.org,9:15 PM
279,Lianna,Farthing,lfarthing7q,lfarthing7q@businessinsider.com,1:41 AM
280,Marabel,Chilver,mchilver7r,mchilver7r@nih.gov,1:58 AM
281,Mychal,Fist,mfist7s,mfist7s@sakura.ne.jp,8:54 PM
282,Raynell,Fenner,rfenner7t,rfenner7t@intel.com,11:39 PM
283,Shanon,Crann,scrann7u,scrann7u@biblegateway.com,2:36 PM
284,Leroy,Witson,lwitson7v,lwitson7v@mail.ru,12:40 AM
285,Julie,Woodcroft,jwoodcroft7w,jwoodcroft7w@myspace.com,10:38 AM
286,Jack,Jockle,jjockle7x,jjockle7x@istockphoto.com,7:14 AM
287,Bethina,Voce,bvoce7y,bvoce7y@thetimes.co.uk,11:13 PM
288,Annabela,Naughton,anaughton7z,anaughton7z@elegantthemes.com,6:26 AM
289,Iggie,Sterre,isterre80,isterre80@example.com,11:03 PM
290,Garth,Latus,glatus81,glatus81@amazon.com,12:01 AM
291,Carolus,Toplis,ctoplis82,ctoplis82@mashable.com,3:31 PM
292,Dougie,Bony,dbony83,dbony83@reference.com,8:58 AM
293,Eulalie,Slowley,eslowley84,eslowley84@google.de,11:27 PM
294,Darcy,Stroton,dstroton85,dstroton85@japanpost.jp,5:48 PM
295,Fabe,Le Friec,flefriec86,flefriec86@usatoday.com,3:14 AM
296,Lowrance,Pennuzzi,lpennuzzi87,lpennuzzi87@example.com,8:07 PM
297,Kurtis,Crozier,kcrozier88,kcrozier88@ibm.com,9:41 PM
298,Verla,Townsend,vtownsend89,vtownsend89@adobe.com,8:49 PM
299,Reyna,Hanks,rhanks8a,rhanks8a@unesco.org,2:40 AM
300,Cecilia,Mollon,cmollon8b,cmollon8b@ning.com,11:39 PM
301,Blake,Geroldo,bgeroldo8c,bgeroldo8c@google.com.au,10:32 PM
302,Heindrick,Shawcross,hshawcross8d,hshawcross8d@ted.com,12:38 PM
303,Tomaso,Colt,tcolt8e,tcolt8e@usda.gov,8:48 PM
304,Godfry,Bossom,gbossom8f,gbossom8f@google.pl,3:05 AM
305,Forrest,Pyrah,fpyrah8g,fpyrah8g@pcworld.com,11:48 AM
306,Lucy,Henriques,lhenriques8h,lhenriques8h@forbes.com,6:36 PM
307,Cos,Lusted,clusted8i,clusted8i@opensource.org,11:59 AM
308,Rozalin,Han,rhan8j,rhan8j@vkontakte.ru,10:05 PM
309,Hilda,Krugmann,hkrugmann8k,hkrugmann8k@deliciousdays.com,1:15 AM
310,Ellary,Ackenson,eackenson8l,eackenson8l@woothemes.com,8:58 PM
311,Neddie,Misken,nmisken8m,nmisken8m@blogger.com,1:32 PM
312,Malvina,Matuszynski,mmatuszynski8n,mmatuszynski8n@usgs.gov,8:56 AM
313,Osbert,Livsey,olivsey8o,olivsey8o@usgs.gov,9:16 PM
314,Emlynne,Stitcher,estitcher8p,estitcher8p@histats.com,3:57 PM
315,Gweneth,Nowakowska,gnowakowska8q,gnowakowska8q@usda.gov,10:56 PM
316,Cassey,Carragher,ccarragher8r,ccarragher8r@google.pl,2:08 PM
317,Nester,Deftie,ndeftie8s,ndeftie8s@msu.edu,9:51 AM
318,Opaline,Iorizzo,oiorizzo8t,oiorizzo8t@howstuffworks.com,1:36 AM
319,Jordain,Balmann,jbalmann8u,jbalmann8u@wix.com,12:58 PM
320,Alfredo,Panchin,apanchin8v,apanchin8v@pinterest.com,5:14 PM
321,Brendan,Pennock,bpennock8w,bpennock8w@ow.ly,12:32 PM
322,Aldric,Hutchings,ahutchings8x,ahutchings8x@google.co.jp,6:25 PM
323,Connie,Joanaud,cjoanaud8y,cjoanaud8y@nymag.com,10:26 AM
324,Kasper,Wolfendale,kwolfendale8z,kwolfendale8z@odnoklassniki.ru,10:55 PM
325,Betti,Bullock,bbullock90,bbullock90@bbb.org,11:23 PM
326,Elliot,McKniely,emckniely91,emckniely91@unicef.org,7:49 AM
327,Frasco,Banger,fbanger92,fbanger92@bbb.org,3:07 AM
328,Rem,Litchmore,rlitchmore93,rlitchmore93@eepurl.com,4:10 PM
329,Delmer,Wordsley,dwordsley94,dwordsley94@unblog.fr,2:37 AM
330,Lorettalorna,Flanders,lflanders95,lflanders95@ucoz.com,2:49 PM
331,Crystal,Chipchase,cchipchase96,cchipchase96@usda.gov,10:45 AM
332,Haskell,Deboick,hdeboick97,hdeboick97@cloudflare.com,1:12 PM
333,Gabbie,Scragg,gscragg98,gscragg98@cnn.com,2:45 PM
334,Fredia,Swalwel,fswalwel99,fswalwel99@wsj.com,6:05 PM
335,Lara,Bufton,lbufton9a,lbufton9a@addthis.com,8:31 AM
336,Allison,Corpes,acorpes9b,acorpes9b@istockphoto.com,7:23 AM
337,Sutherlan,Lote,slote9c,slote9c@weather.com,4:46 AM
338,Marcellina,Ramshaw,mramshaw9d,mramshaw9d@archive.org,8:03 PM
339,Kikelia,Kindall,kkindall9e,kkindall9e@fc2.com,1:33 PM
340,Gerick,Levensky,glevensky9f,glevensky9f@prlog.org,1:08 AM
341,Loleta,Snoxell,lsnoxell9g,lsnoxell9g@i2i.jp,11:04 PM
342,Fax,Imort,fimort9h,fimort9h@nyu.edu,6:49 PM
343,Minette,Scantleberry,mscantleberry9i,mscantleberry9i@whitehouse.gov,1:53 AM
344,Joell,Winnett,jwinnett9j,jwinnett9j@cafepress.com,1:09 AM
345,Allyn,Smalcombe,asmalcombe9k,asmalcombe9k@baidu.com,9:38 PM
346,Jolie,Cyseley,jcyseley9l,jcyseley9l@storify.com,11:54 PM
347,Xavier,Bahlmann,xbahlmann9m,xbahlmann9m@chronoengine.com,11:41 PM
348,Pam,Lymbourne,plymbourne9n,plymbourne9n@jiathis.com,10:23 AM
349,Trina,Realy,trealy9o,trealy9o@dropbox.com,2:51 AM
350,Taylor,Schonfelder,tschonfelder9p,tschonfelder9p@thetimes.co.uk,2:05 AM
351,Lanny,Gravenall,lgravenall9q,lgravenall9q@nps.gov,11:07 PM
352,Baily,Curbishley,bcurbishley9r,bcurbishley9r@sakura.ne.jp,6:48 PM
353,Flossy,Rehme,frehme9s,frehme9s@boston.com,2:58 AM
354,Sioux,Allcroft,sallcroft9t,sallcroft9t@chicagotribune.com,9:32 PM
355,Madelaine,Lamacraft,mlamacraft9u,mlamacraft9u@g.co,6:03 PM
356,Avrit,McCathay,amccathay9v,amccathay9v@google.com.br,5:00 PM
357,Bartholomew,Niese,bniese9w,bniese9w@washingtonpost.com,3:17 AM
358,Chrystel,Alan,calan9x,calan9x@chicagotribune.com,6:53 PM
359,Othelia,Andersen,oandersen9y,oandersen9y@springer.com,5:09 AM
360,Cory,Hyslop,chyslop9z,chyslop9z@acquirethisname.com,3:22 AM
361,Briant,Risebrow,brisebrowa0,brisebrowa0@moonfruit.com,1:37 AM
362,Ulrikaumeko,Kingsbury,ukingsburya1,ukingsburya1@rambler.ru,10:20 PM
363,Elliot,Sarrell,esarrella2,esarrella2@blogspot.com,4:12 AM
364,Leesa,Copp,lcoppa3,lcoppa3@wordpress.com,1:28 AM
365,Merrilee,Ossulton,mossultona4,mossultona4@facebook.com,10:37 PM
366,Bart,Gradon,bgradona5,bgradona5@ebay.com,10:12 PM
367,Freddy,Burnard,fburnarda6,fburnarda6@eventbrite.com,6:54 AM
368,Yankee,Dawbery,ydawberya7,ydawberya7@livejournal.com,10:47 AM
369,Louella,Hellwing,lhellwinga8,lhellwinga8@howstuffworks.com,2:48 AM
370,Antony,Rubinowitz,arubinowitza9,arubinowitza9@drupal.org,8:14 PM
371,Brien,Dillet,bdilletaa,bdilletaa@so-net.ne.jp,5:55 PM
372,Paddie,Cavie,pcavieab,pcavieab@sfgate.com,7:50 AM
373,Shandeigh,Clandillon,sclandillonac,sclandillonac@japanpost.jp,5:27 PM
374,Ferd,Skillings,fskillingsad,fskillingsad@google.com.au,3:18 AM
375,Codie,Kennington,ckenningtonae,ckenningtonae@redcross.org,9:39 PM
376,Corty,Fattore,cfattoreaf,cfattoreaf@ft.com,8:38 PM
377,Ilyse,Pettecrew,ipettecrewag,ipettecrewag@nifty.com,1:54 PM
378,Dosi,Dewhurst,ddewhurstah,ddewhurstah@npr.org,11:54 PM
379,Jelene,MacCauley,jmaccauleyai,jmaccauleyai@techcrunch.com,8:56 PM
380,Tonia,Jakoub,tjakoubaj,tjakoubaj@biglobe.ne.jp,10:43 AM
381,Lisbeth,Lenormand,llenormandak,llenormandak@wikimedia.org,9:26 AM
382,Gussi,Dauber,gdauberal,gdauberal@eventbrite.com,3:01 PM
383,Cris,Barnbrook,cbarnbrookam,cbarnbrookam@fda.gov,1:57 PM
384,Alissa,Henrichsen,ahenrichsenan,ahenrichsenan@google.com.au,9:43 PM
385,Tova,Dance,tdanceao,tdanceao@nps.gov,10:48 PM
386,Niccolo,Jurisic,njurisicap,njurisicap@zdnet.com,6:29 AM
387,Luther,Constant,lconstantaq,lconstantaq@rakuten.co.jp,9:22 PM
388,Faith,Antonio,fantonioar,fantonioar@tinyurl.com,8:37 AM
389,Esta,Domesday,edomesdayas,edomesdayas@arizona.edu,2:40 AM
390,Harlen,Bunworth,hbunworthat,hbunworthat@google.com,8:16 AM
391,Maire,Shilling,mshillingau,mshillingau@twitter.com,5:24 AM
392,Melania,Stieger,mstiegerav,mstiegerav@unesco.org,1:58 PM
393,Cathyleen,Sweynson,csweynsonaw,csweynsonaw@edublogs.org,4:39 PM
394,Jessamine,Verling,jverlingax,jverlingax@stumbleupon.com,1:36 AM
395,Swen,Lanceley,slanceleyay,slanceleyay@senate.gov,11:39 PM
396,Caril,Muldowney,cmuldowneyaz,cmuldowneyaz@nasa.gov,7:24 PM
397,Rudolfo,Foskett,rfoskettb0,rfoskettb0@com.com,3:21 AM
398,Chaddie,Hubery,chuberyb1,chuberyb1@edublogs.org,8:47 PM
399,Saree,Guilloud,sguilloudb2,sguilloudb2@eventbrite.com,3:43 PM
400,Manda,Featherstonhaugh,mfeatherstonhaughb3,mfeatherstonhaughb3@istockphoto.com,10:36 PM
401,Aurel,Showte,ashowteb4,ashowteb4@buzzfeed.com,3:12 PM
402,Noll,Byles,nbylesb5,nbylesb5@360.cn,7:17 AM
403,Teodora,Davidovics,tdavidovicsb6,tdavidovicsb6@tuttocitta.it,3:44 PM
404,Gae,Choules,gchoulesb7,gchoulesb7@parallels.com,9:59 PM
405,Violette,Rallings,vrallingsb8,vrallingsb8@drupal.org,6:06 AM
406,Bard,Buske,bbuskeb9,bbuskeb9@4shared.com,8:39 PM
407,Gerald,De Beauchemp,gdebeauchempba,gdebeauchempba@bing.com,11:24 PM
408,Nichol,Frichley,nfrichleybb,nfrichleybb@nps.gov,3:09 AM
409,Leonerd,Monahan,lmonahanbc,lmonahanbc@cpanel.net,12:26 AM
410,Corly,Pryor,cpryorbd,cpryorbd@nbcnews.com,2:05 AM
411,Olive,Gaiford,ogaifordbe,ogaifordbe@imdb.com,5:18 AM
412,Arch,Fallanche,afallanchebf,afallanchebf@ox.ac.uk,4:24 PM
413,Maximilian,Offield,moffieldbg,moffieldbg@cdc.gov,8:32 AM
414,Griffin,Boyes,gboyesbh,gboyesbh@wiley.com,12:55 AM
415,Gasparo,Mauditt,gmaudittbi,gmaudittbi@senate.gov,5:12 PM
416,Cody,Lampkin,clampkinbj,clampkinbj@ucoz.com,4:21 AM
417,Nikolaus,Grendon,ngrendonbk,ngrendonbk@wordpress.org,9:41 AM
418,Janaya,Formby,jformbybl,jformbybl@myspace.com,11:06 AM
419,Ada,Skypp,askyppbm,askyppbm@wordpress.org,4:26 AM
420,Leesa,Cars,lcarsbn,lcarsbn@sina.com.cn,9:02 AM
421,Cynthia,Feronet,cferonetbo,cferonetbo@canalblog.com,2:47 AM
422,Roobbie,Boswell,rboswellbp,rboswellbp@furl.net,5:54 PM
423,Valida,Authers,vauthersbq,vauthersbq@canalblog.com,3:03 PM
424,Grover,Rugge,gruggebr,gruggebr@ezinearticles.com,3:12 AM
425,Sigismond,Faro,sfarobs,sfarobs@aboutads.info,9:04 PM
426,Ericka,Joost,ejoostbt,ejoostbt@1688.com,4:27 PM
427,Meredith,Lorryman,mlorrymanbu,mlorrymanbu@google.co.uk,6:58 AM
428,Lorens,Smylie,lsmyliebv,lsmyliebv@purevolume.com,8:24 PM
429,Hedi,Szreter,hszreterbw,hszreterbw@bloglovin.com,9:35 AM
430,Carmina,Kem,ckembx,ckembx@newyorker.com,11:27 AM
431,Dodie,Marguerite,dmargueriteby,dmargueriteby@va.gov,9:54 AM
432,Fidole,O'Hogertie,fohogertiebz,fohogertiebz@opera.com,6:28 PM
433,Elliot,Claye,eclayec0,eclayec0@rakuten.co.jp,3:27 AM
434,Gretta,Ruffell,gruffellc1,gruffellc1@weather.com,8:06 AM
435,Philippa,Coaker,pcoakerc2,pcoakerc2@foxnews.com,3:10 AM
436,Stanwood,Pinder,spinderc3,spinderc3@surveymonkey.com,5:34 AM
437,Madelyn,Gregore,mgregorec4,mgregorec4@ycombinator.com,1:20 PM
438,Grannie,Sheldrake,gsheldrakec5,gsheldrakec5@independent.co.uk,12:44 AM
439,Carlotta,Douse,cdousec6,cdousec6@unblog.fr,10:53 PM
440,Kayle,Croisier,kcroisierc7,kcroisierc7@upenn.edu,1:15 PM
441,Wolfy,Halpeine,whalpeinec8,whalpeinec8@narod.ru,9:26 AM
442,Alexis,Corragan,acorraganc9,acorraganc9@ucoz.ru,7:19 PM
443,Perl,Yarrington,pyarringtonca,pyarringtonca@xinhuanet.com,12:06 AM
444,Nate,Lau,nlaucb,nlaucb@yolasite.com,10:19 AM
445,Laurena,Geraldi,lgeraldicc,lgeraldicc@godaddy.com,8:11 PM
446,Barrett,Rand,brandcd,brandcd@unc.edu,7:08 AM
447,Turner,Mayall,tmayallce,tmayallce@google.co.uk,4:18 AM
448,Alden,Freckleton,afreckletoncf,afreckletoncf@soundcloud.com,7:46 AM
449,Kaile,Kristoffersson,kkristofferssoncg,kkristofferssoncg@tripadvisor.com,7:41 PM
450,Dru,Arenson,darensonch,darensonch@princeton.edu,6:41 AM
451,Myrta,Kennler,mkennlerci,mkennlerci@go.com,5:36 PM
452,Anna-maria,Winpenny,awinpennycj,awinpennycj@cnbc.com,11:01 PM
453,Stephine,Pincott,spincottck,spincottck@ovh.net,10:03 AM
454,Etti,Sola,esolacl,esolacl@ebay.com,10:22 AM
455,Helen-elizabeth,Allchorn,hallchorncm,hallchorncm@imageshack.us,7:31 PM
456,Kikelia,Benedite,kbeneditecn,kbeneditecn@java.com,12:46 AM
457,Anjanette,Siebart,asiebartco,asiebartco@lulu.com,10:49 AM
458,Carline,Winram,cwinramcp,cwinramcp@walmart.com,2:39 PM
459,Karen,Soeiro,ksoeirocq,ksoeirocq@whitehouse.gov,2:17 AM
460,Padraic,Ruddick,pruddickcr,pruddickcr@google.de,2:15 AM
461,Emanuel,Ilbert,eilbertcs,eilbertcs@toplist.cz,7:50 AM
462,Jerrylee,Peris,jperisct,jperisct@skype.com,9:48 AM
463,Efren,Branton,ebrantoncu,ebrantoncu@oakley.com,3:06 PM
464,Waverley,Tuer,wtuercv,wtuercv@sitemeter.com,11:00 PM
465,Gradeigh,Derbyshire,gderbyshirecw,gderbyshirecw@virginia.edu,2:05 AM
466,Melessa,De la Yglesia,mdelayglesiacx,mdelayglesiacx@weebly.com,4:53 PM
467,Joey,Meardon,jmeardoncy,jmeardoncy@usda.gov,1:53 PM
468,Issiah,Smelley,ismelleycz,ismelleycz@nature.com,12:58 AM
469,Hendrick,Olyet,holyetd0,holyetd0@people.com.cn,4:47 PM
470,Nealy,Russi,nrussid1,nrussid1@theglobeandmail.com,8:58 AM
471,Mannie,Hurch,mhurchd2,mhurchd2@unblog.fr,8:43 PM
472,Skelly,Ramble,srambled3,srambled3@ebay.co.uk,1:20 AM
473,Cly,Olyunin,colyunind4,colyunind4@fda.gov,5:14 PM
474,Torey,Aphale,taphaled5,taphaled5@webs.com,1:26 PM
475,Merla,Symington,msymingtond6,msymingtond6@marketwatch.com,11:25 AM
476,Karlotta,Cargill,kcargilld7,kcargilld7@360.cn,1:39 AM
477,Dela,Stubbert,dstubbertd8,dstubbertd8@last.fm,6:48 PM
478,Donelle,Shapiro,dshapirod9,dshapirod9@harvard.edu,9:18 AM
479,Amitie,Rembrandt,arembrandtda,arembrandtda@rambler.ru,12:38 PM
480,Gui,Reddecliffe,greddecliffedb,greddecliffedb@umn.edu,2:29 AM
481,Yance,Di Maggio,ydimaggiodc,ydimaggiodc@delicious.com,9:23 PM
482,Denis,Dyball,ddyballdd,ddyballdd@infoseek.co.jp,5:30 AM
483,Sybil,Toombes,stoombesde,stoombesde@tripod.com,12:34 AM
484,Ian,Seamark,iseamarkdf,iseamarkdf@uol.com.br,2:59 PM
485,Ralf,Rivett,rrivettdg,rrivettdg@1688.com,9:05 PM
486,Pauletta,McGrirl,pmcgrirldh,pmcgrirldh@wp.com,1:48 AM
487,Geraldine,Nevinson,gnevinsondi,gnevinsondi@usatoday.com,1:27 AM
488,Terence,Corwin,tcorwindj,tcorwindj@w3.org,7:42 AM
489,Kirstin,Petkens,kpetkensdk,kpetkensdk@comcast.net,11:50 PM
490,Ami,Livings,alivingsdl,alivingsdl@privacy.gov.au,10:12 PM
491,Brianna,Wagg,bwaggdm,bwaggdm@psu.edu,5:30 PM
492,Tabor,Sails,tsailsdn,tsailsdn@elegantthemes.com,9:43 AM
493,Berty,Lotwich,blotwichdo,blotwichdo@pen.io,5:15 PM
494,Joshua,Abramov,jabramovdp,jabramovdp@pagesperso-orange.fr,3:10 PM
495,Daphna,Mansour,dmansourdq,dmansourdq@ovh.net,8:00 AM
496,Aimee,Cannan,acannandr,acannandr@hao123.com,1:37 PM
497,Henrik,Corbishley,hcorbishleyds,hcorbishleyds@goodreads.com,7:46 AM
498,Leah,Boddis,lboddisdt,lboddisdt@vimeo.com,1:16 PM
499,Nonna,Davage,ndavagedu,ndavagedu@oakley.com,9:31 PM
500,Laurie,Copello,lcopellodv,lcopellodv@t-online.de,2:50 AM
501,Justine,Matys,jmatysdw,jmatysdw@squarespace.com,5:30 PM
502,Rosetta,Hradsky,rhradskydx,rhradskydx@nifty.com,2:32 PM
503,Freddy,Crayden,fcraydendy,fcraydendy@shinystat.com,6:14 PM
504,Marci,Maw,mmawdz,mmawdz@nhs.uk,6:02 PM
505,Meggy,Leagas,mleagase0,mleagase0@yahoo.co.jp,1:15 AM
506,Hubey,Doxsey,hdoxseye1,hdoxseye1@wp.com,7:36 PM
507,Katharina,Ede,kedee2,kedee2@php.net,4:38 AM
508,Obediah,Fuke,ofukee3,ofukee3@slashdot.org,12:29 AM
509,Hymie,Kinnerk,hkinnerke4,hkinnerke4@cocolog-nifty.com,11:23 AM
510,Kristel,Grinaway,kgrinawaye5,kgrinawaye5@unesco.org,3:56 PM
511,Matthias,Walch,mwalche6,mwalche6@ucoz.ru,8:17 AM
512,Oliviero,Huck,ohucke7,ohucke7@independent.co.uk,5:33 AM
513,Bennie,Cavee,bcaveee8,bcaveee8@thetimes.co.uk,3:59 PM
514,Lexis,Summerskill,lsummerskille9,lsummerskille9@wordpress.com,6:45 AM
515,Benoite,Guyet,bguyetea,bguyetea@ameblo.jp,3:33 AM
516,Kyle,Huntington,khuntingtoneb,khuntingtoneb@lulu.com,5:36 PM
517,Dunn,Balmforth,dbalmforthec,dbalmforthec@blog.com,5:28 AM
518,Janine,Candie,jcandieed,jcandieed@barnesandnoble.com,10:34 AM
519,Ronny,Bunch,rbunchee,rbunchee@guardian.co.uk,4:02 PM
520,Royal,Shuttlewood,rshuttlewoodef,rshuttlewoodef@imageshack.us,9:27 AM
521,Meghann,Demongeot,mdemongeoteg,mdemongeoteg@exblog.jp,12:03 PM
522,Cecil,Dory,cdoryeh,cdoryeh@ft.com,12:33 PM
523,Doroteya,MacGow,dmacgowei,dmacgowei@google.com.br,10:14 AM
524,Elena,Banes,ebanesej,ebanesej@hostgator.com,10:27 PM
525,Steffen,Moralee,smoraleeek,smoraleeek@china.com.cn,4:08 PM
526,Fidelia,Caldicott,fcaldicottel,fcaldicottel@bloglovin.com,12:31 AM
527,Blinni,Leal,blealem,blealem@about.me,3:51 AM
528,Gianna,Mityushin,gmityushinen,gmityushinen@simplemachines.org,6:21 PM
529,Wakefield,Brainsby,wbrainsbyeo,wbrainsbyeo@wikipedia.org,3:11 AM
530,Viole,Nairns,vnairnsep,vnairnsep@technorati.com,3:40 PM
531,Alanna,St. John,astjohneq,astjohneq@edublogs.org,7:26 AM
532,Abagael,Lang,alanger,alanger@amazon.com,7:09 PM
533,Bren,Greensite,bgreensitees,bgreensitees@shop-pro.jp,3:14 PM
534,Fredia,Klausen,fklausenet,fklausenet@hubpages.com,12:20 AM
535,Lorri,Longford,llongfordeu,llongfordeu@sina.com.cn,3:56 PM
536,Goldina,Derkes,gderkesev,gderkesev@canalblog.com,4:12 PM
537,Tito,Winspare,twinspareew,twinspareew@go.com,2:32 AM
538,Cass,Haversham,chavershamex,chavershamex@nhs.uk,10:41 PM
539,Junina,Steet,jsteetey,jsteetey@springer.com,9:30 AM
540,Laughton,Cornfoot,lcornfootez,lcornfootez@examiner.com,9:23 AM
541,Bartholomeo,Brundale,bbrundalef0,bbrundalef0@macromedia.com,12:31 AM
542,Georgeta,Daubney,gdaubneyf1,gdaubneyf1@shareasale.com,11:27 PM
543,Gonzalo,Durdy,gdurdyf2,gdurdyf2@google.ru,12:57 AM
544,Annaliese,Feasby,afeasbyf3,afeasbyf3@fc2.com,9:08 AM
545,Latisha,Brampton,lbramptonf4,lbramptonf4@yellowbook.com,7:06 PM
546,Jodie,Chadbourne,jchadbournef5,jchadbournef5@quantcast.com,9:11 PM
547,Letizia,Sabben,lsabbenf6,lsabbenf6@ca.gov,4:26 PM
548,Belicia,Tredget,btredgetf7,btredgetf7@squarespace.com,12:42 PM
549,Berti,Bere,bberef8,bberef8@sciencedirect.com,3:10 AM
550,Rawley,Kervin,rkervinf9,rkervinf9@joomla.org,11:07 PM
551,Hendrik,Gladdolph,hgladdolphfa,hgladdolphfa@ftc.gov,6:36 PM
552,Ginger,Kilroy,gkilroyfb,gkilroyfb@eepurl.com,2:59 AM
553,Robbie,Bagnold,rbagnoldfc,rbagnoldfc@gmpg.org,3:19 AM
554,Washington,Maiklem,wmaiklemfd,wmaiklemfd@yahoo.co.jp,11:48 PM
555,Mirabel,Daysh,mdayshfe,mdayshfe@prnewswire.com,7:48 PM
556,Stevy,Janusik,sjanusikff,sjanusikff@cbsnews.com,1:28 AM
557,Yorke,Niesing,yniesingfg,yniesingfg@ed.gov,4:46 AM
558,Byrann,Aron,baronfh,baronfh@acquirethisname.com,3:31 AM
559,Jack,Nand,jnandfi,jnandfi@meetup.com,10:16 AM
560,Quinlan,Wais,qwaisfj,qwaisfj@howstuffworks.com,8:19 PM
561,Carole,Grzegorek,cgrzegorekfk,cgrzegorekfk@tamu.edu,2:22 PM
562,Erinn,Dyka,edykafl,edykafl@nba.com,9:56 PM
563,Lukas,Kuzemka,lkuzemkafm,lkuzemkafm@ox.ac.uk,5:53 PM
564,Mahala,Badgers,mbadgersfn,mbadgersfn@php.net,9:17 PM
565,Karlan,Hexham,khexhamfo,khexhamfo@surveymonkey.com,3:24 PM
566,Shaw,Pastor,spastorfp,spastorfp@de.vu,10:24 PM
567,Elias,Stanman,estanmanfq,estanmanfq@hc360.com,2:21 PM
568,Derk,Burtonshaw,dburtonshawfr,dburtonshawfr@i2i.jp,11:32 PM
569,Koressa,Ricards,kricardsfs,kricardsfs@google.pl,12:54 PM
570,Hannah,Batte,hbatteft,hbatteft@facebook.com,9:05 PM
571,Vasilis,Feron,vferonfu,vferonfu@shop-pro.jp,5:20 AM
572,Conrade,Lockett,clockettfv,clockettfv@nytimes.com,10:33 PM
573,Kara-lynn,Courcey,kcourceyfw,kcourceyfw@imgur.com,12:39 PM
574,Brinna,Bewfield,bbewfieldfx,bbewfieldfx@infoseek.co.jp,5:31 AM
575,Eldridge,Tarplee,etarpleefy,etarpleefy@state.tx.us,5:38 AM
576,Vito,Ide,videfz,videfz@globo.com,2:23 AM
577,Madlin,Kirvell,mkirvellg0,mkirvellg0@etsy.com,8:23 AM
578,Kettie,Ker,kkerg1,kkerg1@ovh.net,10:02 PM
579,Winnah,Satteford,wsattefordg2,wsattefordg2@ucla.edu,4:30 AM
580,Guthrey,Cisar,gcisarg3,gcisarg3@ehow.com,12:00 AM
581,Travis,Evitts,tevittsg4,tevittsg4@imgur.com,6:01 AM
582,Nester,Muzzollo,nmuzzollog5,nmuzzollog5@vimeo.com,7:22 PM
583,Orv,Enoch,oenochg6,oenochg6@yelp.com,2:58 AM
584,Shelli,Andrasch,sandraschg7,sandraschg7@reference.com,6:21 AM
585,Cchaddie,Dicken,cdickeng8,cdickeng8@ow.ly,2:14 PM
586,Betsy,Kinglesyd,bkinglesydg9,bkinglesydg9@dagondesign.com,7:34 PM
587,Pattin,Scud,pscudga,pscudga@statcounter.com,11:34 PM
588,Carney,Giottini,cgiottinigb,cgiottinigb@timesonline.co.uk,3:42 PM
589,Shem,Corneliussen,scorneliussengc,scorneliussengc@msn.com,11:11 PM
590,Lorelei,Hovel,lhovelgd,lhovelgd@de.vu,2:39 PM
591,Newton,Klamp,nklampge,nklampge@prlog.org,11:31 PM
592,Hayes,Grubbe,hgrubbegf,hgrubbegf@reuters.com,11:11 AM
593,Mannie,Geertz,mgeertzgg,mgeertzgg@theguardian.com,10:24 PM
594,Cristobal,Grebner,cgrebnergh,cgrebnergh@unicef.org,1:38 PM
595,Aubrette,O'Dooghaine,aodooghainegi,aodooghainegi@illinois.edu,10:39 PM
596,Inge,Wellard,iwellardgj,iwellardgj@technorati.com,3:25 PM
597,Burke,Madge,bmadgegk,bmadgegk@goo.ne.jp,4:09 PM
598,Jerald,Dominik,jdominikgl,jdominikgl@delicious.com,6:00 PM
599,Meghann,Nannini,mnanninigm,mnanninigm@wikispaces.com,7:44 PM
600,Brad,Leask,bleaskgn,bleaskgn@irs.gov,9:03 AM
601,Dona,Yakhin,dyakhingo,dyakhingo@hexun.com,7:58 AM
602,Ursula,Donativo,udonativogp,udonativogp@usgs.gov,6:57 AM
603,Carlos,Brennenstuhl,cbrennenstuhlgq,cbrennenstuhlgq@oakley.com,7:20 PM
604,Eddie,Stollenberg,estollenberggr,estollenberggr@nps.gov,8:59 AM
605,Clovis,Demeza,cdemezags,cdemezags@google.com.hk,4:21 AM
606,Tamiko,Spincks,tspincksgt,tspincksgt@usa.gov,1:30 PM
607,Corie,Timny,ctimnygu,ctimnygu@blogtalkradio.com,3:21 PM
608,Ariella,Thompson,athompsongv,athompsongv@chronoengine.com,1:53 AM
609,Abbi,Yanne,ayannegw,ayannegw@nsw.gov.au,4:20 AM
610,Prentiss,Walsh,pwalshgx,pwalshgx@flavors.me,10:44 PM
611,Fiona,Wraight,fwraightgy,fwraightgy@buzzfeed.com,7:35 AM
612,Blakeley,Clemmow,bclemmowgz,bclemmowgz@squidoo.com,1:00 PM
613,Ansley,Wastall,awastallh0,awastallh0@house.gov,6:56 AM
614,Karlen,Bartosik,kbartosikh1,kbartosikh1@nymag.com,1:35 PM
615,Phil,Ransom,pransomh2,pransomh2@sfgate.com,7:22 AM
616,Tarah,Cockroft,tcockrofth3,tcockrofth3@prweb.com,7:49 AM
617,Wanids,Khomishin,wkhomishinh4,wkhomishinh4@disqus.com,10:06 PM
618,Jacques,De Ambrosis,jdeambrosish5,jdeambrosish5@tiny.cc,11:24 AM
619,Hyacintha,Kuban,hkubanh6,hkubanh6@reference.com,1:47 AM
620,Nevile,Gosalvez,ngosalvezh7,ngosalvezh7@printfriendly.com,6:45 PM
621,Luciano,Cyples,lcyplesh8,lcyplesh8@sogou.com,1:03 AM
622,Mozelle,Emberson,membersonh9,membersonh9@jiathis.com,2:04 AM
623,Nola,Fryers,nfryersha,nfryersha@altervista.org,6:26 PM
624,Claudelle,Vowels,cvowelshb,cvowelshb@smugmug.com,7:37 AM
625,Rafael,Troop,rtroophc,rtroophc@parallels.com,4:17 AM
626,Delphinia,Bordis,dbordishd,dbordishd@icq.com,4:04 AM
627,Phelia,Davydzenko,pdavydzenkohe,pdavydzenkohe@google.ru,12:40 AM
628,Manon,Baike,mbaikehf,mbaikehf@howstuffworks.com,3:05 AM
629,Rolando,Dunbobbin,rdunbobbinhg,rdunbobbinhg@discuz.net,4:27 PM
630,Davina,Meachan,dmeachanhh,dmeachanhh@homestead.com,11:22 PM
631,Rupert,Ravel,rravelhi,rravelhi@usda.gov,4:37 AM
632,Maye,Cobley,mcobleyhj,mcobleyhj@shareasale.com,6:31 AM
633,Scotti,Deakin,sdeakinhk,sdeakinhk@cdc.gov,5:22 PM
634,Simonne,Handes,shandeshl,shandeshl@zimbio.com,3:38 AM
635,Kacey,Hayfield,khayfieldhm,khayfieldhm@is.gd,5:15 PM
636,Stacee,O'Hartnett,sohartnetthn,sohartnetthn@stanford.edu,6:38 PM
637,Sumner,Jeanes,sjeanesho,sjeanesho@digg.com,5:57 PM
638,Phedra,Stump,pstumphp,pstumphp@cdc.gov,7:09 PM
639,Millard,Duggon,mduggonhq,mduggonhq@theguardian.com,11:32 PM
640,Baxy,Stripling,bstriplinghr,bstriplinghr@biblegateway.com,5:30 PM
641,Kalinda,Eykelbosch,keykelboschhs,keykelboschhs@a8.net,1:38 AM
642,Sarette,Canedo,scanedoht,scanedoht@theatlantic.com,2:43 AM
643,Claudetta,Dielhenn,cdielhennhu,cdielhennhu@dyndns.org,3:59 PM
644,Kearney,Kemball,kkemballhv,kkemballhv@utexas.edu,9:51 AM
645,Judye,Pettisall,jpettisallhw,jpettisallhw@facebook.com,4:57 PM
646,Randi,Trinder,rtrinderhx,rtrinderhx@behance.net,8:07 AM
647,Lyle,Caseri,lcaserihy,lcaserihy@spotify.com,5:23 AM
648,Gordon,Frascone,gfrasconehz,gfrasconehz@fc2.com,3:24 PM
649,Kathryn,Eastabrook,keastabrooki0,keastabrooki0@comcast.net,1:32 AM
650,Elysia,Silberschatz,esilberschatzi1,esilberschatzi1@omniture.com,9:47 PM
651,Viki,Peddel,vpeddeli2,vpeddeli2@ed.gov,5:22 PM
652,Nikki,Esslement,nesslementi3,nesslementi3@amazonaws.com,8:01 AM
653,Lanna,Dominichetti,ldominichettii4,ldominichettii4@cbc.ca,3:40 AM
654,Wallace,Benallack,wbenallacki5,wbenallacki5@marriott.com,12:42 PM
655,Penelopa,Freezer,pfreezeri6,pfreezeri6@hatena.ne.jp,1:18 AM
656,Colly,Meakin,cmeakini7,cmeakini7@networkadvertising.org,4:17 PM
657,Nils,Chezelle,nchezellei8,nchezellei8@rakuten.co.jp,10:39 PM
658,Kerri,Burgot,kburgoti9,kburgoti9@goodreads.com,6:33 PM
659,Demeter,Sabberton,dsabbertonia,dsabbertonia@elegantthemes.com,5:42 AM
660,Diarmid,Avarne,davarneib,davarneib@yale.edu,8:55 PM
661,Aileen,McLaine,amclaineic,amclaineic@state.gov,3:03 PM
662,Kennett,Souness,ksounessid,ksounessid@washingtonpost.com,10:18 AM
663,Nanice,Mattisson,nmattissonie,nmattissonie@artisteer.com,11:21 PM
664,Stefano,Corkell,scorkellif,scorkellif@gnu.org,2:31 AM
665,Ozzie,Smith,osmithig,osmithig@umn.edu,12:13 AM
666,Gilligan,Iacovo,giacovoih,giacovoih@ycombinator.com,1:49 AM
667,Tally,Demare,tdemareii,tdemareii@cnet.com,3:19 AM
668,Deeann,Gierth,dgierthij,dgierthij@xing.com,5:47 AM
669,Ezekiel,Chasmar,echasmarik,echasmarik@nasa.gov,6:51 AM
670,Linda,Kinker,lkinkeril,lkinkeril@sbwire.com,11:12 PM
671,Nydia,Fronks,nfronksim,nfronksim@bloglines.com,10:08 AM
672,Stephine,Mackett,smackettin,smackettin@live.com,9:08 PM
673,Krysta,Greguoli,kgreguoliio,kgreguoliio@dell.com,4:45 PM
674,Hagen,Schneidar,hschneidarip,hschneidarip@macromedia.com,5:16 AM
675,Howie,aManger,hamangeriq,hamangeriq@godaddy.com,11:16 PM
676,Bidget,Haill,bhaillir,bhaillir@moonfruit.com,5:19 AM
677,Darleen,Luparto,dlupartois,dlupartois@mashable.com,2:44 AM
678,Corissa,Villa,cvillait,cvillait@123-reg.co.uk,3:55 PM
679,Lorry,O'Sheeryne,losheeryneiu,losheeryneiu@youku.com,5:34 PM
680,Seamus,McCrohon,smccrohoniv,smccrohoniv@arstechnica.com,11:07 PM
681,Reinold,Rockingham,rrockinghamiw,rrockinghamiw@so-net.ne.jp,7:57 PM
682,Wileen,Argont,wargontix,wargontix@tinyurl.com,2:22 PM
683,Nina,Ligoe,nligoeiy,nligoeiy@princeton.edu,9:10 AM
684,Pieter,Tompion,ptompioniz,ptompioniz@parallels.com,3:03 AM
685,Nonna,Andreou,nandreouj0,nandreouj0@mapy.cz,2:24 PM
686,Isabella,Krebs,ikrebsj1,ikrebsj1@parallels.com,2:51 PM
687,Lilla,Blackhall,lblackhallj2,lblackhallj2@baidu.com,11:37 PM
688,Gibbie,Sprasen,gsprasenj3,gsprasenj3@sakura.ne.jp,8:57 AM
689,Carce,Grenter,cgrenterj4,cgrenterj4@storify.com,7:23 PM
690,Stephie,Tennet,stennetj5,stennetj5@pen.io,7:18 AM
691,Aldridge,Ollier,aollierj6,aollierj6@simplemachines.org,6:05 PM
692,Kiel,Juzek,kjuzekj7,kjuzekj7@plala.or.jp,10:50 AM
693,Lawton,Hartfield,lhartfieldj8,lhartfieldj8@fotki.com,1:42 AM
694,Montgomery,Plunket,mplunketj9,mplunketj9@about.me,1:50 PM
695,Vaclav,Betun,vbetunja,vbetunja@goo.ne.jp,12:20 PM
696,Clerissa,Moxson,cmoxsonjb,cmoxsonjb@stumbleupon.com,4:15 AM
697,Liv,Le Provest,lleprovestjc,lleprovestjc@google.com.br,12:45 PM
698,Efren,Tabard,etabardjd,etabardjd@addthis.com,12:49 PM
699,Shae,Vedyashkin,svedyashkinje,svedyashkinje@booking.com,3:13 PM
700,Goldarina,Medcalf,gmedcalfjf,gmedcalfjf@dmoz.org,8:34 PM
701,Augustin,De Moreno,ademorenojg,ademorenojg@domainmarket.com,8:59 PM
702,Jolene,Sebley,jsebleyjh,jsebleyjh@gravatar.com,9:22 AM
703,Herb,Shirlaw,hshirlawji,hshirlawji@webmd.com,10:55 AM
704,Dav,Goslin,dgoslinjj,dgoslinjj@cbslocal.com,11:27 PM
705,Gladys,Rispine,grispinejk,grispinejk@chronoengine.com,6:16 PM
706,Tybalt,Durgan,tdurganjl,tdurganjl@surveymonkey.com,11:38 PM
707,Hyman,Rumens,hrumensjm,hrumensjm@flavors.me,8:48 AM
708,Eadith,Tavner,etavnerjn,etavnerjn@state.tx.us,9:13 AM
709,Jermaine,Greenough,jgreenoughjo,jgreenoughjo@unc.edu,11:26 PM
710,Coralie,Nevett,cnevettjp,cnevettjp@twitter.com,7:02 PM
711,Julio,Mandal,jmandaljq,jmandaljq@a8.net,4:10 PM
712,Willi,Skewes,wskewesjr,wskewesjr@etsy.com,3:58 AM
713,Adriena,Beswetherick,abeswetherickjs,abeswetherickjs@nyu.edu,2:11 PM
714,Amalea,Carlyle,acarlylejt,acarlylejt@mac.com,3:29 AM
715,Irwin,Gerlack,igerlackju,igerlackju@nba.com,3:48 PM
716,Aldis,Quilty,aquiltyjv,aquiltyjv@google.com,4:08 AM
717,Guenna,Gritsunov,ggritsunovjw,ggritsunovjw@hexun.com,7:33 AM
718,Ardelis,Cropton,acroptonjx,acroptonjx@github.com,1:53 PM
719,Kaitlin,Durkin,kdurkinjy,kdurkinjy@arizona.edu,6:17 AM
720,Sari,Lyster,slysterjz,slysterjz@china.com.cn,9:54 PM
721,Ainsley,Gronauer,agronauerk0,agronauerk0@ted.com,6:22 AM
722,Beitris,Wilbore,bwilborek1,bwilborek1@geocities.com,4:59 AM
723,Kelsey,Bavage,kbavagek2,kbavagek2@blog.com,3:20 PM
724,Lalo,Heaselgrave,lheaselgravek3,lheaselgravek3@wiley.com,6:24 AM
725,Norah,Maffulli,nmaffullik4,nmaffullik4@soup.io,10:57 AM
726,Shae,Bordiss,sbordissk5,sbordissk5@digg.com,6:20 AM
727,Xavier,Dayce,xdaycek6,xdaycek6@furl.net,4:50 PM
728,Fanny,Mahaddy,fmahaddyk7,fmahaddyk7@tinypic.com,9:30 PM
729,Claudie,Blunkett,cblunkettk8,cblunkettk8@tinyurl.com,9:05 PM
730,Bo,Guiden,bguidenk9,bguidenk9@mit.edu,5:40 PM
731,Stevie,Brandoni,sbrandonika,sbrandonika@istockphoto.com,9:41 AM
732,Kelci,Ridsdole,kridsdolekb,kridsdolekb@symantec.com,6:51 PM
733,Massimo,Duding,mdudingkc,mdudingkc@shop-pro.jp,12:12 AM
734,Andris,Laguerre,alaguerrekd,alaguerrekd@google.co.jp,1:41 PM
735,Yalonda,Woodwin,ywoodwinke,ywoodwinke@netvibes.com,9:14 PM
736,Scotty,Plumbridge,splumbridgekf,splumbridgekf@youku.com,3:13 AM
737,Maura,Levings,mlevingskg,mlevingskg@shop-pro.jp,10:22 PM
738,Tobe,Klein,tkleinkh,tkleinkh@histats.com,3:42 AM
739,Cyrill,Druett,cdruettki,cdruettki@sina.com.cn,1:47 AM
740,Darn,Wesley,dwesleykj,dwesleykj@independent.co.uk,3:36 AM
741,Novelia,Diem,ndiemkk,ndiemkk@archive.org,12:20 PM
742,Geoffrey,Baitman,gbaitmankl,gbaitmankl@angelfire.com,1:00 PM
743,Ruthanne,Walenta,rwalentakm,rwalentakm@360.cn,6:52 PM
744,Dallas,Exell,dexellkn,dexellkn@surveymonkey.com,8:40 PM
745,Dedie,Scoggan,dscogganko,dscogganko@washington.edu,8:26 PM
746,Ingrim,Copin,icopinkp,icopinkp@artisteer.com,4:51 AM
747,Leilah,South,lsouthkq,lsouthkq@google.de,10:29 PM
748,Conan,Moriarty,cmoriartykr,cmoriartykr@shinystat.com,6:17 AM
749,Hernando,Dinzey,hdinzeyks,hdinzeyks@ocn.ne.jp,6:50 AM
750,Livvy,Comiam,lcomiamkt,lcomiamkt@irs.gov,12:49 AM
751,Waring,Endley,wendleyku,wendleyku@bbc.co.uk,3:45 AM
752,Noelle,Mardy,nmardykv,nmardykv@java.com,9:07 AM
753,Samara,Deniset,sdenisetkw,sdenisetkw@jigsy.com,1:22 PM
754,Tirrell,Lapping,tlappingkx,tlappingkx@google.ru,12:39 AM
755,Sampson,Willets,swilletsky,swilletsky@cloudflare.com,5:49 AM
756,Donny,Radborn,dradbornkz,dradbornkz@merriam-webster.com,2:10 AM
757,Aime,McBride,amcbridel0,amcbridel0@irs.gov,12:47 AM
758,Zena,Kitchingman,zkitchingmanl1,zkitchingmanl1@people.com.cn,9:16 PM
759,Petronia,Officer,pofficerl2,pofficerl2@pcworld.com,5:48 AM
760,Herold,Colenutt,hcolenuttl3,hcolenuttl3@slate.com,11:06 AM
761,Karmen,Camacke,kcamackel4,kcamackel4@jigsy.com,8:30 AM
762,Rhoda,Toppes,rtoppesl5,rtoppesl5@privacy.gov.au,10:28 PM
763,Salem,Roskilly,sroskillyl6,sroskillyl6@dedecms.com,12:41 PM
764,Betsey,O'Cahill,bocahilll7,bocahilll7@sfgate.com,4:52 PM
765,Zenia,Crewdson,zcrewdsonl8,zcrewdsonl8@canalblog.com,10:04 PM
766,Janka,Dowson,jdowsonl9,jdowsonl9@lulu.com,7:33 PM
767,Samuele,Lynett,slynettla,slynettla@sphinn.com,5:42 PM
768,Abner,Tyght,atyghtlb,atyghtlb@naver.com,11:02 PM
769,Eryn,Vasquez,evasquezlc,evasquezlc@oakley.com,9:13 AM
770,Ax,Pennick,apennickld,apennickld@flickr.com,7:55 PM
771,Maiga,Wickling,mwicklingle,mwicklingle@google.com.br,7:40 PM
772,Gwynne,Euels,geuelslf,geuelslf@ibm.com,4:08 PM
773,Nikoletta,Valadez,nvaladezlg,nvaladezlg@vinaora.com,10:42 PM
774,Rheta,Messum,rmessumlh,rmessumlh@adobe.com,11:20 AM
775,Toinette,Ferrao,tferraoli,tferraoli@live.com,1:57 AM
776,Willamina,Baytrop,wbaytroplj,wbaytroplj@arstechnica.com,12:53 PM
777,Joan,Jerman,jjermanlk,jjermanlk@google.com.br,4:50 PM
778,Darryl,Butterfill,dbutterfillll,dbutterfillll@google.pl,2:45 PM
779,Fernandina,Barlie,fbarlielm,fbarlielm@gravatar.com,8:48 PM
780,Ryan,Astbery,rastberyln,rastberyln@vk.com,9:06 PM
781,Jenny,Blakes,jblakeslo,jblakeslo@theglobeandmail.com,10:37 PM
782,Eustacia,Djorvic,edjorviclp,edjorviclp@epa.gov,12:21 PM
783,Cynde,Vassar,cvassarlq,cvassarlq@adobe.com,4:20 AM
784,Alejandra,Quilty,aquiltylr,aquiltylr@businesswire.com,10:39 PM
785,Rana,Crannell,rcrannellls,rcrannellls@php.net,4:03 PM
786,Teddy,Medgwick,tmedgwicklt,tmedgwicklt@epa.gov,8:47 AM
787,Rosabella,O'Henery,rohenerylu,rohenerylu@sakura.ne.jp,7:29 AM
788,Isahella,Jeafferson,ijeaffersonlv,ijeaffersonlv@alexa.com,6:52 AM
789,Evelina,Allawy,eallawylw,eallawylw@yahoo.co.jp,8:18 AM
790,Rollie,Tooth,rtoothlx,rtoothlx@nba.com,10:34 PM
791,Oswell,Dongles,odonglesly,odonglesly@cbslocal.com,8:22 PM
792,Chery,Eliet,celietlz,celietlz@uol.com.br,2:02 PM
793,Tiphani,Lowless,tlowlessm0,tlowlessm0@cbc.ca,9:04 PM
794,Collin,Stango,cstangom1,cstangom1@joomla.org,2:23 AM
795,Joyous,Casali,jcasalim2,jcasalim2@squarespace.com,2:55 AM
796,Henri,Saladin,hsaladinm3,hsaladinm3@ftc.gov,12:06 AM
797,Joshuah,Edes,jedesm4,jedesm4@psu.edu,7:08 PM
798,Fayre,Cunde,fcundem5,fcundem5@devhub.com,12:06 PM
799,Gale,Redholls,gredhollsm6,gredhollsm6@redcross.org,5:00 AM
800,Ree,Ailsbury,railsburym7,railsburym7@hud.gov,5:38 AM
801,Drugi,Humphrey,dhumphreym8,dhumphreym8@usatoday.com,12:34 PM
802,Sergeant,Gellett,sgellettm9,sgellettm9@digg.com,10:07 PM
803,Dud,Heindrich,dheindrichma,dheindrichma@huffingtonpost.com,11:36 PM
804,Otes,MacGaughey,omacgaugheymb,omacgaugheymb@liveinternet.ru,3:58 PM
805,Aryn,Jobern,ajobernmc,ajobernmc@stanford.edu,5:32 AM
806,Teador,Palffrey,tpalffreymd,tpalffreymd@imgur.com,2:16 PM
807,Alastair,Oman,aomanme,aomanme@netlog.com,1:21 AM
808,Charlotta,MacVean,cmacveanmf,cmacveanmf@aboutads.info,11:43 PM
809,Magdalene,Raymond,mraymondmg,mraymondmg@discovery.com,4:08 PM
810,Carola,Szachniewicz,cszachniewiczmh,cszachniewiczmh@cisco.com,4:36 AM
811,Carlin,Delgua,cdelguami,cdelguami@stanford.edu,3:00 AM
812,Jenni,Lillicrap,jlillicrapmj,jlillicrapmj@yellowpages.com,1:43 PM
813,Aldrich,Stobbe,astobbemk,astobbemk@microsoft.com,1:48 PM
814,Clare,Chipchase,cchipchaseml,cchipchaseml@mit.edu,6:29 AM
815,Sonia,Whittleton,swhittletonmm,swhittletonmm@com.com,7:01 AM
816,Chaddy,Vials,cvialsmn,cvialsmn@comsenz.com,10:41 AM
817,Barnabas,Dilgarno,bdilgarnomo,bdilgarnomo@marketwatch.com,7:12 PM
818,Alfie,Balasin,abalasinmp,abalasinmp@wired.com,7:05 AM
819,Damaris,Sifflett,dsifflettmq,dsifflettmq@creativecommons.org,4:14 PM
820,Gerri,Cansdall,gcansdallmr,gcansdallmr@nhs.uk,2:07 AM
821,Barbaraanne,Ravenhill,bravenhillms,bravenhillms@addthis.com,12:22 PM
822,Tybi,De Roberto,tderobertomt,tderobertomt@pbs.org,8:26 PM
823,Kaitlin,Stedall,kstedallmu,kstedallmu@linkedin.com,3:48 PM
824,Josias,Durgan,jdurganmv,jdurganmv@ucoz.com,11:59 AM
825,Milicent,Taffrey,mtaffreymw,mtaffreymw@google.co.jp,2:42 AM
826,Millisent,Chaney,mchaneymx,mchaneymx@example.com,10:02 PM
827,Tobie,Braycotton,tbraycottonmy,tbraycottonmy@java.com,2:06 AM
828,Anallese,Ghost,aghostmz,aghostmz@netscape.com,10:23 PM
829,Cordi,Battey,cbatteyn0,cbatteyn0@cornell.edu,7:22 PM
830,Devinne,Reaveley,dreaveleyn1,dreaveleyn1@webmd.com,1:47 AM
831,Billy,Boc,bbocn2,bbocn2@xrea.com,2:17 AM
832,Nedi,Tender,ntendern3,ntendern3@1und1.de,9:09 AM
833,Rutherford,O'Meara,romearan4,romearan4@quantcast.com,7:12 PM
834,Alan,Shires,ashiresn5,ashiresn5@oakley.com,12:28 AM
835,Cornie,Whittick,cwhittickn6,cwhittickn6@bloglovin.com,7:25 PM
836,Malory,Hinder,mhindern7,mhindern7@sogou.com,5:56 PM
837,Roddy,Langlais,rlanglaisn8,rlanglaisn8@moonfruit.com,12:59 AM
838,Bertine,Joist,bjoistn9,bjoistn9@wix.com,8:26 AM
839,Martina,Guinan,mguinanna,mguinanna@state.gov,2:10 PM
840,Adams,Seery,aseerynb,aseerynb@ow.ly,10:50 AM
841,Faulkner,Story,fstorync,fstorync@cam.ac.uk,9:54 AM
842,Timothee,Ribey,tribeynd,tribeynd@vkontakte.ru,12:27 PM
843,Zara,Barz,zbarzne,zbarzne@google.com.au,4:08 PM
844,Rorie,Patridge,rpatridgenf,rpatridgenf@smh.com.au,8:20 PM
845,Shane,Andrew,sandrewng,sandrewng@hibu.com,2:58 AM
846,Marje,Laye,mlayenh,mlayenh@webmd.com,12:56 PM
847,Ladonna,Teggin,ltegginni,ltegginni@cisco.com,5:54 PM
848,Blaire,Trevallion,btrevallionnj,btrevallionnj@howstuffworks.com,9:07 AM
849,Roz,Tibb,rtibbnk,rtibbnk@harvard.edu,4:28 PM
850,Killie,Crawshay,kcrawshaynl,kcrawshaynl@t.co,12:41 PM
851,Madalena,Blinman,mblinmannm,mblinmannm@joomla.org,9:18 PM
852,Ginevra,Olyfant,golyfantnn,golyfantnn@drupal.org,8:22 PM
853,Alleyn,Jatczak,ajatczakno,ajatczakno@umich.edu,5:51 PM
854,Cathi,Freyne,cfreynenp,cfreynenp@surveymonkey.com,9:04 AM
855,Ly,Wahner,lwahnernq,lwahnernq@cloudflare.com,4:03 PM
856,Kate,Vanyatin,kvanyatinnr,kvanyatinnr@is.gd,2:48 AM
857,Bobbee,Bonafant,bbonafantns,bbonafantns@usgs.gov,8:22 AM
858,Lorraine,Kolakovic,lkolakovicnt,lkolakovicnt@eepurl.com,1:15 PM
859,Barry,Gooding,bgoodingnu,bgoodingnu@shutterfly.com,7:42 PM
860,Daniele,Whawell,dwhawellnv,dwhawellnv@example.com,4:36 AM
861,Deidre,Sunner,dsunnernw,dsunnernw@who.int,3:48 AM
862,Lisbeth,Palfrie,lpalfrienx,lpalfrienx@sitemeter.com,1:13 AM
863,Sylvester,Kretchmer,skretchmerny,skretchmerny@msu.edu,2:28 AM
864,Bonnie,Liddle,bliddlenz,bliddlenz@slate.com,12:04 AM
865,Carroll,McNysche,cmcnyscheo0,cmcnyscheo0@barnesandnoble.com,5:31 AM
866,Barbaraanne,Woolager,bwoolagero1,bwoolagero1@privacy.gov.au,4:57 PM
867,Josy,Toward,jtowardo2,jtowardo2@hexun.com,8:45 PM
868,Giles,Currey,gcurreyo3,gcurreyo3@indiegogo.com,6:34 PM
869,Helga,Sandwith,hsandwitho4,hsandwitho4@networkadvertising.org,12:01 PM
870,Dulcine,Chadd,dchaddo5,dchaddo5@lulu.com,10:18 AM
871,Alisun,Vesty,avestyo6,avestyo6@state.tx.us,12:03 PM
872,Elena,Pudner,epudnero7,epudnero7@issuu.com,3:55 AM
873,Trish,Butterfill,tbutterfillo8,tbutterfillo8@springer.com,5:59 AM
874,Gianna,Blasli,gblaslio9,gblaslio9@example.com,3:19 PM
875,Wayland,Vina,wvinaoa,wvinaoa@mediafire.com,6:31 PM
876,Alex,Collick,acollickob,acollickob@alexa.com,12:06 AM
877,Tabbatha,Earles,tearlesoc,tearlesoc@alibaba.com,5:25 PM
878,Lorry,Conring,lconringod,lconringod@boston.com,4:11 AM
879,Jessi,Dearlove,jdearloveoe,jdearloveoe@omniture.com,4:00 PM
880,Shelby,Grimley,sgrimleyof,sgrimleyof@discovery.com,4:29 AM
881,Ruthie,Maseres,rmaseresog,rmaseresog@mapquest.com,5:44 PM
882,Lyndell,Twell,ltwelloh,ltwelloh@ftc.gov,2:03 PM
883,Josefina,Tayler,jtayleroi,jtayleroi@w3.org,8:55 AM
884,Earl,Simonot,esimonotoj,esimonotoj@wikispaces.com,6:38 PM
885,Olia,Buesnel,obuesnelok,obuesnelok@jalbum.net,7:42 AM
886,Christiano,Shegog,cshegogol,cshegogol@cam.ac.uk,5:24 AM
887,Charil,Foottit,cfoottitom,cfoottitom@thetimes.co.uk,6:21 PM
888,Suzie,Scamwell,sscamwellon,sscamwellon@virginia.edu,4:26 AM
889,Red,Peter,rpeteroo,rpeteroo@amazon.co.uk,11:01 AM
890,Consuelo,Bruckstein,cbrucksteinop,cbrucksteinop@cmu.edu,1:57 PM
891,Willis,Chiene,wchieneoq,wchieneoq@51.la,3:40 AM
892,Nevile,Starrs,nstarrsor,nstarrsor@msn.com,8:59 AM
893,Gordon,Buxam,gbuxamos,gbuxamos@usatoday.com,3:35 PM
894,Glynn,Pagin,gpaginot,gpaginot@cdc.gov,1:16 PM
895,Chase,Phlippi,cphlippiou,cphlippiou@furl.net,7:08 AM
896,Ivan,Harriman,iharrimanov,iharrimanov@elpais.com,9:29 PM
897,Janith,Longridge,jlongridgeow,jlongridgeow@ezinearticles.com,11:43 AM
898,Evvy,McCane,emccaneox,emccaneox@netvibes.com,11:31 PM
899,Selby,Dwane,sdwaneoy,sdwaneoy@mysql.com,3:50 PM
900,Claybourne,Wallbrook,cwallbrookoz,cwallbrookoz@paypal.com,4:16 AM
901,Deny,Trehearn,dtrehearnp0,dtrehearnp0@google.nl,2:30 AM
902,Kania,Capenor,kcapenorp1,kcapenorp1@flavors.me,9:12 PM
903,Bobbee,Urry,burryp2,burryp2@surveymonkey.com,5:13 PM
904,Johny,Haws,jhawsp3,jhawsp3@psu.edu,4:43 PM
905,Melba,McKeller,mmckellerp4,mmckellerp4@opera.com,9:40 PM
906,Eduino,Calverley,ecalverleyp5,ecalverleyp5@ucoz.ru,6:38 PM
907,Dani,Dunstan,ddunstanp6,ddunstanp6@fda.gov,8:28 PM
908,Annecorinne,Byrde,abyrdep7,abyrdep7@bloglovin.com,6:50 PM
909,Ralph,de Vaen,rdevaenp8,rdevaenp8@tuttocitta.it,3:21 PM
910,Kristos,Josephi,kjosephip9,kjosephip9@google.ru,11:14 PM
911,Charo,Ranyelld,cranyelldpa,cranyelldpa@elpais.com,7:05 AM
912,Cacilia,Cadagan,ccadaganpb,ccadaganpb@tripod.com,4:29 PM
913,Natty,Masson,nmassonpc,nmassonpc@cam.ac.uk,4:30 PM
914,Gery,Goldsbrough,ggoldsbroughpd,ggoldsbroughpd@amazon.co.jp,8:18 PM
915,Fern,Fellgatt,ffellgattpe,ffellgattpe@who.int,11:31 PM
916,Avram,Shorthouse,ashorthousepf,ashorthousepf@netvibes.com,12:34 AM
917,Farlee,Abbess,fabbesspg,fabbesspg@taobao.com,7:54 PM
918,Kimberlyn,Thirkettle,kthirkettleph,kthirkettleph@devhub.com,9:09 PM
919,Kliment,Froude,kfroudepi,kfroudepi@mtv.com,10:55 AM
920,Joel,Sydall,jsydallpj,jsydallpj@disqus.com,11:31 PM
921,Ashien,Giovanazzi,agiovanazzipk,agiovanazzipk@163.com,6:31 AM
922,Peg,Kroon,pkroonpl,pkroonpl@vkontakte.ru,1:43 AM
923,Elwira,Qusklay,equsklaypm,equsklaypm@trellian.com,1:49 PM
924,Nady,McKeag,nmckeagpn,nmckeagpn@wp.com,7:47 PM
925,Hetti,McGraith,hmcgraithpo,hmcgraithpo@diigo.com,4:55 PM
926,Stanislaus,O'Reilly,soreillypp,soreillypp@elegantthemes.com,9:21 PM
927,Birk,Jolliman,bjollimanpq,bjollimanpq@dion.ne.jp,3:55 AM
928,Emmerich,Astle,eastlepr,eastlepr@arstechnica.com,6:26 AM
929,Virginia,Hobden,vhobdenps,vhobdenps@google.nl,11:49 PM
930,Janna,Sherwen,jsherwenpt,jsherwenpt@freewebs.com,2:19 AM
931,May,Sellack,msellackpu,msellackpu@wikimedia.org,4:39 PM
932,Talia,Davidy,tdavidypv,tdavidypv@uol.com.br,10:34 AM
933,Bellina,Basilotta,bbasilottapw,bbasilottapw@macromedia.com,3:48 AM
934,Ilysa,Jakubovsky,ijakubovskypx,ijakubovskypx@vinaora.com,12:39 PM
935,Irene,Iacovone,iiacovonepy,iiacovonepy@telegraph.co.uk,9:44 PM
936,Meridith,Dalziel,mdalzielpz,mdalzielpz@cargocollective.com,6:07 AM
937,Layla,Fairweather,lfairweatherq0,lfairweatherq0@apple.com,4:36 PM
938,Rockey,Emby,rembyq1,rembyq1@japanpost.jp,7:42 PM
939,Stanford,Carder,scarderq2,scarderq2@webs.com,8:58 PM
940,Raoul,Savory,rsavoryq3,rsavoryq3@fastcompany.com,1:55 AM
941,Carlyn,Wines,cwinesq4,cwinesq4@google.com.br,7:01 PM
942,Evvy,Craggs,ecraggsq5,ecraggsq5@discuz.net,8:58 PM
943,Bunni,Pietasch,bpietaschq6,bpietaschq6@geocities.com,5:27 AM
944,Cathee,Tagg,ctaggq7,ctaggq7@mapy.cz,6:43 AM
945,Victoria,Dorro,vdorroq8,vdorroq8@samsung.com,8:04 PM
946,Kat,Bonar,kbonarq9,kbonarq9@51.la,11:29 PM
947,Paulie,Curteis,pcurteisqa,pcurteisqa@cornell.edu,11:51 AM
948,Karla,Harome,kharomeqb,kharomeqb@sakura.ne.jp,12:34 PM
949,Alberta,Rait,araitqc,araitqc@xing.com,9:08 AM
950,Javier,Hoyles,jhoylesqd,jhoylesqd@harvard.edu,7:40 PM
951,Nita,Chadd,nchaddqe,nchaddqe@bravesites.com,2:08 AM
952,Anny,Bartleman,abartlemanqf,abartlemanqf@amazonaws.com,10:34 AM
953,Mabelle,Alvar,malvarqg,malvarqg@biglobe.ne.jp,2:20 AM
954,Jacquenetta,Simonyi,jsimonyiqh,jsimonyiqh@bigcartel.com,1:54 PM
955,Lucilia,Farfalameev,lfarfalameevqi,lfarfalameevqi@github.com,7:09 PM
956,Georgie,Starbucke,gstarbuckeqj,gstarbuckeqj@goo.ne.jp,10:01 AM
957,Fleur,Lonergan,flonerganqk,flonerganqk@salon.com,7:57 AM
958,Yardley,Willmer,ywillmerql,ywillmerql@cnn.com,1:22 AM
959,Carolina,Comins,ccominsqm,ccominsqm@yahoo.com,6:06 AM
960,Axe,Coward,acowardqn,acowardqn@tinypic.com,12:08 PM
961,Wallace,Looney,wlooneyqo,wlooneyqo@storify.com,8:15 AM
962,Imogene,Heddy,iheddyqp,iheddyqp@mashable.com,3:40 PM
963,Mareah,Satcher,msatcherqq,msatcherqq@bravesites.com,2:23 AM
964,Lisabeth,Mardle,lmardleqr,lmardleqr@g.co,9:38 PM
965,Ardella,McGifford,amcgiffordqs,amcgiffordqs@merriam-webster.com,1:09 AM
966,Lorrin,Dressell,ldressellqt,ldressellqt@multiply.com,4:35 AM
967,Cathryn,Keenleyside,ckeenleysidequ,ckeenleysidequ@myspace.com,2:24 PM
968,Elton,Sand,esandqv,esandqv@xinhuanet.com,6:08 PM
969,Vilma,Busher,vbusherqw,vbusherqw@gnu.org,5:58 PM
970,Dorena,Hubane,dhubaneqx,dhubaneqx@facebook.com,7:14 AM
971,Fern,Bernardino,fbernardinoqy,fbernardinoqy@purevolume.com,5:08 AM
972,Tybie,Saffer,tsafferqz,tsafferqz@google.de,6:08 PM
973,Johnna,Wetherhead,jwetherheadr0,jwetherheadr0@digg.com,4:11 AM
974,Rina,Landis,rlandisr1,rlandisr1@umich.edu,12:18 PM
975,Phylys,Pancoast,ppancoastr2,ppancoastr2@skyrock.com,9:42 AM
976,Kandace,Arlt,karltr3,karltr3@google.fr,9:59 AM
977,Renate,Goff,rgoffr4,rgoffr4@nih.gov,7:34 PM
978,Dorelia,Dabs,ddabsr5,ddabsr5@usatoday.com,2:01 PM
979,Maia,Vallentin,mvallentinr6,mvallentinr6@barnesandnoble.com,10:21 AM
980,Dore,Thorp,dthorpr7,dthorpr7@utexas.edu,4:37 AM
981,Emalee,O' Neligan,eoneliganr8,eoneliganr8@google.nl,3:37 AM
982,Terra,Sweet,tsweetr9,tsweetr9@zimbio.com,4:49 AM
983,Tybie,Lobley,tlobleyra,tlobleyra@google.co.uk,2:40 AM
984,Devi,Phalip,dphaliprb,dphaliprb@amazon.com,6:47 AM
985,Vikki,Trowell,vtrowellrc,vtrowellrc@youku.com,6:28 PM
986,Iver,Fenech,ifenechrd,ifenechrd@last.fm,8:18 AM
987,Berti,Illwell,billwellre,billwellre@weibo.com,3:44 PM
988,Xenia,Fowkes,xfowkesrf,xfowkesrf@wikipedia.org,1:22 AM
989,Ebeneser,Jays,ejaysrg,ejaysrg@thetimes.co.uk,1:33 AM
990,Shannen,Trytsman,strytsmanrh,strytsmanrh@google.com.hk,10:40 AM
991,Harcourt,Ethridge,hethridgeri,hethridgeri@so-net.ne.jp,3:09 PM
992,Amory,Cragoe,acragoerj,acragoerj@upenn.edu,2:57 PM
993,Judah,Bowra,jbowrark,jbowrark@unicef.org,9:15 PM
994,Ingram,Seatter,iseatterrl,iseatterrl@imgur.com,12:47 AM
995,Gregory,Doolan,gdoolanrm,gdoolanrm@bandcamp.com,2:33 AM
996,Kimble,Kilbane,kkilbanern,kkilbanern@purevolume.com,8:27 PM
997,Eilis,Wigginton,ewiggintonro,ewiggintonro@rambler.ru,3:15 PM
998,Padraig,Hucquart,phucquartrp,phucquartrp@nsw.gov.au,4:27 PM
999,Hewet,Petit,hpetitrq,hpetitrq@dailymotion.com,10:06 AM
1000,Odessa,Olczyk,oolczykrr,oolczykrr@goo.gl,11:01 PM
